INSERT INTO student (sno, sname, ssex, sbirthday, classno, totalcredit) VALUES ('08300010', 'Tom', 'M', '1991-10-01', 'Rj0801', 0);
INSERT INTO student (sno, sname, ssex, sbirthday, classno, totalcredit) VALUES ('08300012', 'Jack', 'M', '1990-08-08', 'Rj0801', 0);
INSERT INTO student (sno, sname, ssex, sbirthday, classno, totalcredit) VALUES ('08300015', 'Lucy', 'F', '1990-05-22', 'Rj0801', 0);
INSERT INTO student (sno, sname, ssex, sbirthday, classno, totalcredit) VALUES ('08300020', 'Amy', 'F', '1989-01-08', 'Rj0801', 0);
INSERT INTO student (sno, sname, ssex, sbirthday, classno, totalcredit) VALUES ('08300048', 'Mike', 'M', '1989-06-06', 'Rj0802', 0);
INSERT INTO student (sno, sname, ssex, sbirthday, classno, totalcredit) VALUES ('08300067', 'Rose', 'F', '1990-08-21', 'Rj0803', 0);
INSERT INTO student (sno, sname, ssex, sbirthday, classno, totalcredit) VALUES ('08300148', 'John', 'M', '1991-04-25', 'Rj0805', 0);
INSERT INTO class (classno, classname, classmajor, classdept, studentnumber) VALUES ('Rj0801', 'SE0801', 'SoftwareEng', 'DevDept', 24);
INSERT INTO class (classno, classname, classmajor, classdept, studentnumber) VALUES ('Rj0802', 'SE0802', 'SoftwareEng', 'DevDept', 26);
INSERT INTO class (classno, classname, classmajor, classdept, studentnumber) VALUES ('Rj0803', 'SE0803', 'SoftwareEng', 'MediaDept', 25);
INSERT INTO class (classno, classname, classmajor, classdept, studentnumber) VALUES ('Rj0805', 'SE0805', 'SoftwareEng', 'MediaDept', 24);
INSERT INTO course (cno, cname, ccredit) VALUES ('800001', 'CS Basics', 4);
INSERT INTO course (cno, cname, ccredit) VALUES ('800002', 'Programming', 4);
INSERT INTO course (cno, cname, ccredit) VALUES ('800003', 'DataStructure', 4);
INSERT INTO course (cno, cname, ccredit) VALUES ('810011', 'DatabaseSys', 4);
INSERT INTO sc (sno, cno, grade) VALUES ('08300012', '800003', 88);
INSERT INTO sc (sno, cno, grade) VALUES ('08300020', '800003', 91);
INSERT INTO sc (sno, cno, grade) VALUES ('08300030', '800003', 78);
INSERT INTO sc (sno, cno, grade) VALUES ('08300048', '800003', 95);
INSERT INTO sc (sno, cno, grade) VALUES ('08300100', '810011', 67);
INSERT INTO sc (sno, cno, grade) VALUES ('08300148', '810011', 58);
INSERT INTO teacher (tno, tname, tsex, tbirthday, ttitle) VALUES (1, 'Lily', 'F', '1975-11-03', 'Lecturer');
INSERT INTO teacher (tno, tname, tsex, tbirthday, ttitle) VALUES (2, 'David', 'M', '1969-03-02', 'AssocProf');
INSERT INTO teacher (tno, tname, tsex, tbirthday, ttitle) VALUES (3, 'Peter', 'M', '1970-02-13', 'Lecturer');
INSERT INTO teacher (tno, tname, tsex, tbirthday, ttitle) VALUES (7, 'Steve', 'M', '1962-01-24', 'Professor');
INSERT INTO teacher (tno, tname, tsex, tbirthday, ttitle) VALUES (8, 'Grace', 'F', '1960-12-15', 'Professor');
INSERT INTO teaching (tno, cno, language) VALUES (1, '800001', 'English');
INSERT INTO teaching (tno, cno, language) VALUES (2, '800002', 'Chinese');
INSERT INTO teaching (tno, cno, language) VALUES (2, '800003', 'Bilingual');
INSERT INTO teaching (tno, cno, language) VALUES (3, '810011', 'Chinese');
INSERT INTO teaching (tno, cno, language) VALUES (7, '800003', 'English');
INSERT INTO teaching (tno, cno, language) VALUES (7, '810011', 'English');